Name,Kingdom,Phylum,Subphylum,Class,Order,Suborder,Family,Genus,Species,Population size,Life span,Top speed,Weight,Height,Length,Attributes,Distribution,Habits,Diet,Mating_Habits,Population
Grey Wolf,Animalia,Chordata,Vertebrata,Mammalia,Carnivora,Caniformia,Canidae,Canis,Canis lupus,400,10-20 yrs,75 km/h,16-60 kg,80-85 cm,105-160 cm,"Nocturnal,Carnivore,Scavenger,Terrestrial,Cursorial,Altricial,Pack hunters,Apex predator,Pursuit predator,Nomadic,Territorial,Viviparous,Pack hunters,Ambush predator,Monogamy,Social,Dominance hierarchy,Not a migrant,starts with,Dangerous Animals","{'Geography': {'Continents': 'Asia, Europe, North America, Africa', 'Subcontinents': 'South Asia, Western Asia, Southeast Asia, East Asia, Central Asia, North Africa', 'Countries': 'Albania, Armenia, Azerbaijan, Belarus, Bhutan, Bosnia and Herzegovina, Bulgaria, Canada, China, Croatia,', 'Regions': 'Czech Republic, Estonia, Finland, France, Georgia, Germany, Greece, Hungary, India, Iran,  Iraq, Israel, Italy, Jordan, Kazakhstan, North Korea, South Korea, Kyrgyzstan, Latvia, Libya, Lithuania, Macedonia, Mexico, Moldova, Mongolia, Montenegro, Myanmar, Nepal, Norway, Oman, Pakistan, Poland, Portugal, Romania, Russia, Saudi Arabia, Serbia, Slovakia, Slovenia, Spain, Sweden, Syria, Tajikistan, Turkey, Turkmenistan,  Ukraine, United Arab Emirates, United States, Uzbekistan, Yemen, Bangladesh, Afghanistan', 'Biogeographical realms': 'Greenland', 'Wwf biomes': 'Nearctic, Palearctic, Indomalayan, Afrotropical'}, 'Biome': ['Wetlands ', 'Shrubland', 'Forest', 'Mountains', 'Anthropogenic biome', 'Grassland', 'Rocky areas ', 'Agricultural'], 'Climate': ['Temperate', 'Cold', 'Polar', 'Tropical']}","{'Group name': 'pack, route, rout', 'Lifestyle': 'Terrestrial, Cursorial, Altricial, Pack hunters, Apex predator, Pursuit predator, Nomadic, Territorial, Viviparous, Pack hunters, Ambush predator', 'Seasonal behavior': 'Not a migrant'}","Carnivore,,Scavenger","{'Mating behavior': 'Monogamy', 'Reproduction season': 'January-April', 'Pregnancy duration': '60-63 days', 'Baby carrying': '1-14 pups', 'Independent age': '45 days', 'Female name': 'bitch', 'Male name': 'dog', 'Baby name': 'pup, whelp'}","{'Population trend': 'Stable', 'Population status': 'Least concern (LC)'}"
Tiger,Animalia,Chordata,Vertebrata,Mammalia,Carnivora,Feliformia,Felidae,Panthera,Panthera tigris,"2,154-3,159",10-15 yrs,96 km/h,65-306 kg,,200-390 cm,"Nocturnal,Carnivore,Cursorial,Terrestrial,Ambush predator,Altricial,Nomadic,Territorial,Viviparous,Apex predator,Polygyny,Solitary,Dominance hierarchy,Not a migrant,starts with,Camouflaged Animals,Dangerous Animals,Giant Animals","{'Geography': {'Continents': 'Asia', 'Subcontinents': 'South Asia, Southeast Asia, East Asia', 'Countries': 'Bangladesh, Bhutan, China,   India, Indonesia, Laos, Malaysia, Myanmar, Nepal, Russia,', 'Regions': 'Thailand', 'Biogeographical realms': 'Tibet, Yunnan', 'Wwf biomes': 'Palearctic, Indomalayan'}, 'Biome': ['Forest', 'Rainforest', 'Montane forest', 'Riparian', 'Shrubland', 'Grassland'], 'Climate': ['Tropical', 'Temperate']}","{'Lifestyle': 'Cursorial, Terrestrial, Ambush predator, Altricial, Nomadic, Territorial, Viviparous, Apex predator', 'Seasonal behavior': 'Not a migrant'}",Carnivore,"{'Mating behavior': 'Polygyny', 'Reproduction season': 'November-April', 'Pregnancy duration': '103 days', 'Baby carrying': '1-7 cubs', 'Independent age': '18 mos-3 yrs', 'Baby name': 'cub'}","{'Population trend': 'Decreasing', 'Population status': 'Endangered (EN)'}"
Brown Bear,Animalia,Chordata,Vertebrata,Mammalia,Carnivora,Caniformia,Ursidae,Ursus,Ursus arctos,200,20-50 yrs,56 km/h,100-635 kg,70-153 cm,1.4-2.8 m,"Crepuscular,Omnivore,Terrestrial,Altricial,Nomadic,Territorial,Burrowing,Polygynandry,Serial monogamy,Dangerous,Solitary,Hibernating,Migrating,starts with,Lucky Animals,Canada Province Animals","{'Geography': {'Continents': 'Asia, Europe, North America', 'Subcontinents': 'South Asia, Western Asia, East Asia, Central Asia, Southeast Asia', 'Countries': 'Albania, Armenia, Austria, Azerbaijan, Belarus, Bosnia and Herzegovina, Bulgaria, Canada, China, Croatia,', 'Biogeographical realms': 'Estonia, Finland, France, Georgia, Greece, India, Iran, Iraq, Italy, Japan, Kazakhstan, North Korea, Kyrgyzstan, Latvia, Macedonia, Mongolia, Montenegro,   Nepal, Norway, Pakistan, Poland, Romania, Russia, Serbia, Slovakia, Slovenia, Spain, Sweden, Tajikistan, Turkey, Ukraine, United States, Uzbekistan, Bhutan, Lebanon, Afghanistan', 'Wwf biomes': 'Nearctic, Palearctic, Indomalayan'}, 'Biome': ['Forest', 'Woodland'], 'Climate': ['Temperate', 'Cold', 'Polar']}","{'Group name': 'sloth, sleuth', 'Lifestyle': 'Terrestrial, Altricial, Nomadic, Territorial, Burrowing', 'Seasonal behavior': 'Hibernating, Migrating'}",Omnivore,"{'Mating behavior': 'Polygynandry,', 'Reproduction season': 'May-July', 'Pregnancy duration': '8 weeks', 'Baby carrying': '1-4 cubs', 'Independent age': '2-4 years', 'Female name': 'sow', 'Male name': 'boar', 'Baby name': 'cub'}","{'Population trend': 'Stable', 'Population status': 'Least concern (LC)'}"
Blue Whale,Animalia,Chordata,Vertebrata,Mammalia,Artiodactyla,,Balaenopteridae,Balaenoptera,Balaenoptera musculus,10-25 Thou,80-90 yrs,20 km/h,100-160 t,,25-30 m,"Carnivore,Piscivores,Aquatic,Precocial,Natatorial,Viviparous,Cosmopolitan,Pursuit predator,Monogamy,Generally solitary,Migrating,starts with,Giant Animals","{'Geography': {'Continents': 'Africa, South America, Oceania, North America, Asia, Europe, Antarctica', 'Subcontinents': 'Sub-Saharan Africa, Caribbean Islands, South Asia, East Asia, Central America, Southeast Asia, Western Asia, North Africa', 'Countries': 'Angola, Argentina, Australia, Bahamas, Bangladesh, Benin, Brazil, Cameroon, Canada, Cape Verde,', 'Regions': ""Chile, China, Colombia, Comoros, Costa Rica, Cote d'Ivoire, Djibouti, Ecuador, El Salvador, Equatorial Guinea, Eritrea, Faroe Islands, France, Gabon, Ghana, Greece, Grenada, Guatemala, Iceland, India, Indonesia, Iran, Iraq, Ireland, Japan, Kenya, Madagascar, Malaysia, Maldives, Marshall Islands, Mauritania, Mauritius, Mexico, Morocco, Mozambique, Myanmar, Namibia, New Zealand, Nicaragua, Nigeria, Norway, Oman, Pakistan, Palau, Panama, Peru, Philippines, Portugal, Russia, Sao Tomé and Principe, Senegal, Seychelles, Somalia, South Africa,  Spain, Sri Lanka, Taiwan, Tanzania, Thailand, Timor-Leste, Togo, United Kingdom, United States, Uruguay, Western Sahara"", 'Oceans': 'Greenland, Kamchatka', 'Biogeographical realms': 'Atlantic Ocean, Pacific Ocean'}, 'Biome': ['Oceanic pelagic zone', 'Marine', 'Neritic zone'], 'Climate': ['Tropical', 'Temperate', 'Cold', 'Polar']}","{'Group name': 'pod, gam, herd, school, mod', 'Lifestyle': 'Aquatic, Precocial, Natatorial, Viviparous, Cosmopolitan, Pursuit predator', 'Seasonal behavior': 'Migrating'}","Carnivore,,Piscivores","{'Mating behavior': 'Monogamy', 'Reproduction season': 'winter or early spring', 'Pregnancy duration': '1 year', 'Baby carrying': '1 calf', 'Independent age': '8 months', 'Female name': 'cow', 'Male name': 'bull', 'Baby name': 'calf'}","{'Population trend': 'Increasing', 'Population status': 'Endangered (EN)'}"
Killer Whale,Animalia,Chordata,Vertebrata,Mammalia,Artiodactyla,,Delphinidae,Orcinus,Orcinus orca,50,30-100 yrs,45 km/h,3-6 t,,6-9 m,"Diurnal,Carnivore,Aquatic,Precocial,Cosmopolitan,Natatorial,Territorial,Viviparous,Apex predator,Pursuit predator,Polygynandry,Highly social,Partial Migrant,starts with,Vicious Animals,Black And White Animals","{'Geography': {'Continents': 'Africa, Oceania, Antarctica, North America, South America, Asia, Europe', 'Subcontinents': 'North Africa, Caribbean Islands, South Asia, Central America, Sub-Saharan Africa, Southeast Asia, East Asia, Western Asia', 'Countries': 'Algeria, Antigua and Barbuda, Argentina, Australia, Bahamas, Bangladesh, Barbados, Belize, Benin, Brazil,', 'Regions': ""Brunei, Cambodia, Cameroon, Canada, Cape Verde, Chile, China, Colombia, Comoros, Congo, DR Congo, Costa Rica, Cote d'Ivoire, Cuba, Denmark, Djibouti, Dominica, Dominican Republic, Ecuador, El Salvador, Equatorial Guinea, Faroe Islands, Fiji,  France, Gabon, Gambia, Ghana, Grenada, Guadeloupe, Guatemala, Guinea, Guinea-Bissau, Guyana, Honduras, Iceland, India, Indonesia, Iran, Ireland, Israel, Italy, Jamaica, Japan, Kenya, Kiribati, Liberia, Madagascar, Malaysia, Maldives, Marshall Islands, Mauritania, Mexico, Federated States of Micronesia, Monaco, Morocco, Mozambique, Myanmar, Namibia,  Nauru, Netherlands, New Zealand, Nicaragua, Nigeria, Norway, Oman, Pakistan, Palau, Panama, Papua New Guinea, Peru, Philippines, Portugal, Russia, Saint Kitts and Nevis, Saint Lucia, Saint Vincent and the Grenadines, Samoa, Senegal, Sierra Leone, Singapore, Solomon Islands, Somalia, South Africa, Spain, Sri Lanka, Suriname, Taiwan, Tanzania, Thailand, Timor-Leste, Togo, Tonga,  Trinidad and Tobago, Tunisia, United Arab Emirates, United Kingdom, United States, Uruguay, Vanuatu, Venezuela, Viet Nam, Western Sahara, Yemen, Germany"", 'Oceans': 'Newfoundland, Hawaii, Greenland', 'Biogeographical realms': 'Arctic Ocean, Atlantic Ocean, Pacific Ocean'}, 'Biome': ['Oceanic pelagic zone', 'Marine', 'Neritic zone', 'Estuaries'], 'Climate': ['Tropical', 'Temperate', 'Cold', 'Polar']}","{'Group name': 'pod, gam, herd, school, mod', 'Lifestyle': 'Aquatic, Precocial, Cosmopolitan, Natatorial, Territorial, Viviparous, Apex predator, Pursuit predator', 'Seasonal behavior': 'Partial Migrant'}",Carnivore,"{'Mating behavior': 'Polygynandry', 'Reproduction season': 'year-round, usually in summer', 'Pregnancy duration': '15-18 months', 'Baby carrying': '1 calf', 'Independent age': '2 years', 'Female name': 'cow', 'Male name': 'bull', 'Baby name': 'calf'}",{'Population status': 'Data deficient (DD)'}
Giant Panda,Animalia,Chordata,Vertebrata,Mammalia,Carnivora,Caniformia,Ursidae,Ailuropoda,Ailuropoda melanoleuca,"1,8",20-30 yrs,32 km/h,70-160 kg,60-90 cm,1.2-1.9 m,"Crepuscular,Nocturnal,Herbivore,Folivore,Terrestrial,Altricial,Browsing,Zoochory,Viviparous,Polygyny,Solitary,Not a migrant,starts with,Cute Animals,Black And White Animals","{'Geography': {'Continents': 'Asia', 'Subcontinents': 'East Asia', 'Countries': 'China', 'Biogeographical realms': 'Indomalayan Temperate broadleaf and mixed forest'}, 'Biome': ['Forest', 'Mountains', 'Montane forest'], 'Climate': ['Temperate']}","{'Group name': 'sleuth', 'Lifestyle': 'Terrestrial, Altricial, Browsing, Zoochory, Viviparous', 'Seasonal behavior': 'Not a migrant'}","Herbivore,,Folivore","{'Mating behavior': 'Polygyny', 'Reproduction season': 'March-May', 'Pregnancy duration': '5 months', 'Baby carrying': '1-2 cubs', 'Independent age': '18 months', 'Female name': 'sow', 'Male name': 'boar', 'Baby name': 'cub'}","{'Population trend': 'Increasing', 'Population status': 'Vulnerable (VU)'}"
Lion,Animalia,Chordata,Vertebrata,Mammalia,Carnivora,Feliformia,Felidae,Panthera,Panthera leo,20,12-25 yrs,56 km/h,120-249 kg,,140-250 cm,"Nocturnal,Crepuscular,Diurnal,Scavenger,Hypercarnivore,Terrestrial,Altricial,Pack hunters,Ambush predator,Apex predator,Nomadic,Territorial,Viviparous,Polygyny,Dominance hierarchy,Highly social,Social,Not a migrant,starts with,Aristocrats,Fast Animals","{'Geography': {'Continents': 'Africa, Asia', 'Subcontinents': 'Sub-Saharan Africa, South Asia', 'Countries': 'Angola, Benin, Botswana, Burkina Faso, Cameroon, Central African Republic, Chad, DR Congo, Ethiopia, India,', 'Biogeographical realms': ""Kenya, Malawi, Mozambique, Namibia, Niger, Nigeria, Senegal, Somalia, South Africa, South Sudan, Sudan, Swaziland, Tanzania, Uganda, Zambia, Zimbabwe, Cote d'Ivoire, Ghana, Guinea,  Guinea-Bissau, Mali, Rwanda, Togo"", 'Wwf biomes': 'Palearctic, Indomalayan, Afrotropical'}, 'Biome': ['Grassland', 'Savanna', 'Woodland', 'Mountains', 'Montane forest', 'Shrubland'], 'Climate': ['Tropical', 'Arid']}","{'Group name': 'pride, sault, troop, sawt', 'Lifestyle': 'Terrestrial, Altricial, Pack hunters, Ambush predator, Apex predator, Nomadic, Territorial, Viviparous', 'Seasonal behavior': 'Not a migrant'}","Scavenger,,Hypercarnivore","{'Mating behavior': 'Polygyny', 'Reproduction season': 'year-round, peak during the rainy season', 'Pregnancy duration': '110-119 days', 'Baby carrying': '3-6 cubs', 'Independent age': '2 years', 'Female name': 'lioness', 'Male name': 'lion', 'Baby name': 'cub'}","{'Population trend': 'Decreasing', 'Population status': 'Vulnerable (VU)'}"
Koala,Animalia,Chordata,Vertebrata,Mammalia,Diprotodontia,,Phascolarctidae,Phascolarctos,Phascolarctos cinereus,300,15 yrs,10 km/h,4-15 kg,60-85 cm,,"Nocturnal,Herbivore,Folivore,Arboreal,Altricial,Terrestrial,Viviparous,Territorial,Polygyny,Solitary,Not a migrant,starts with,Cute Animals,Slow Animals","{'Geography': {'Continents': 'Oceania', 'Countries': 'Australia', 'Regions': 'New South Wales,  Queensland, South Australia, Victoria', 'Biogeographical realms': 'Australasian', 'Wwf biomes': 'Temperate broadleaf and mixed forest'}, 'Biome': ['Forest', 'Woodland', 'Riparian'], 'Climate': ['Tropical', 'Arid', 'Temperate']}","{'Lifestyle': 'Arboreal, Altricial, Terrestrial, Viviparous, Territorial', 'Seasonal behavior': 'Not a migrant'}","Herbivore,,Folivore","{'Mating behavior': 'Polygyny', 'Reproduction season': 'December-March', 'Pregnancy duration': '35 days', 'Baby carrying': '1 joey', 'Independent age': '1 year', 'Female name': 'female', 'Male name': 'male', 'Baby name': 'joey'}","{'Population trend': 'Decreasing', 'Population status': 'Vulnerable (VU)'}"
Cougar,Animalia,Chordata,Vertebrata,Mammalia,Carnivora,Feliformia,Felidae,Puma,Puma concolor,"below 50,000",10-20 yrs,45 km/h,29-100 kg,60-90 cm,2-2.4 m,"Nocturnal,Carnivore,Terrestrial,Altricial,Ambush predator,Cursorial,Territorial,Viviparous,Apex predator,Polygyny,Solitary,starts with","{'Geography': {'Continents': 'South America, North America', 'Subcontinents': 'Central America', 'Countries': 'Argentina, Belize, Bolivia, Brazil, Canada, Chile, Colombia, Costa Rica, Ecuador,  El Salvador,', 'Biogeographical realms': 'Guatemala, Guyana, Honduras, Mexico, Nicaragua, Panama, Paraguay, Peru, Suriname, United States, Venezuela', 'Wwf biomes': 'Nearctic, Neotropical'}, 'Biome': ['Chaparral', 'Forest', 'Mountains', 'Rainforest', 'Shrubland', 'Rocky areas ', 'Montane forest', 'Woodland'], 'Climate': ['Tropical', 'Arid', 'Temperate', 'Cold']}","{'Lifestyle': 'Terrestrial, Altricial, Ambush predator, Cursorial, Territorial, Viviparous, Apex predator'}","Carnivore,","{'Mating behavior': 'Polygyny', 'Reproduction season': 'year-round, December-March in northern latitudes', 'Pregnancy duration': '90-96 days', 'Baby carrying': '1-6 kittens', 'Independent age': '40 days', 'Baby name': 'kitten'}","{'Population trend': 'Decreasing', 'Population status': 'Least concern (LC)'}"
Quokka,Animalia,Chordata,Vertebrata,Mammalia,Diprotodontia,,Macropodidae,Setonix,Setonix brachyurus,"7,850-17,150",5-10 yrs,32 km/h,2.5-5 kg,,40-54 cm,"Nocturnal,Herbivore,Folivore,Frugivore,Terrestrial,Jumping,Altricial,Browsing,Island endemic,Viviparous,Arboreal,Polygynandry,Social,Not a migrant,starts with,Cute Animals","{'Geography': {'Continents': 'Oceania', 'Countries': 'Australia', 'Regions': 'Western Australia', 'Biogeographical realms': 'Australasian', 'Wwf biomes': 'Mediterranean forests, woodlands, and scrub, Temperate broadleaf and mixed forest'}, 'Biome': ['Forest', 'Shrubland', 'Wetlands ', 'Riparian'], 'Climate': ['Temperate']}","{'Group name': 'court, herd, troop, mob', 'Lifestyle': 'Terrestrial, Jumping, Altricial, Browsing,  Island endemic, Viviparous, Arboreal', 'Seasonal behavior': 'Not a migrant'}","Herbivore,,Folivore,,Frugivore","{'Mating behavior': 'Polygynandry', 'Reproduction season': 'January-March', 'Pregnancy duration': '1 month', 'Baby carrying': '1 joey', 'Independent age': '38-40 weeks', 'Female name': 'jill, roo', 'Male name': 'jack, boomer', 'Baby name': 'joey'}","{'Population trend': 'Decreasing', 'Population status': 'Vulnerable (VU)'}"
Jaguar,Animalia,Chordata,Vertebrata,Mammalia,Carnivora,Feliformia,Felidae,Panthera,Panthera onca,15,11-20 yrs,80 km/h,56-96 kg,63-76 cm,1-1.8 m,"Crepuscular,Carnivore,Terrestrial,Altricial,Territorial,Polygyny,Solitary,Not a migrant,starts with","{'Geography': {'Continents': 'South America, North America', 'Subcontinents': 'Central America', 'Countries': 'Argentina, Belize, Bolivia, Brazil, Colombia, Costa Rica, Ecuador, Guatemala, Guyana, Honduras,', 'Biogeographical realms': 'Mexico, Nicaragua,  Panama, Paraguay, Peru, Suriname, United States, Venezuela', 'Wwf biomes': 'Nearctic, Neotropical'}, 'Biome': ['Forest', 'Rainforest', 'Wetlands '], 'Climate': ['Tropical', 'Arid', 'Temperate']}","{'Group name': 'prowl, leap', 'Lifestyle': 'Terrestrial, Altricial, Territorial,', 'Seasonal behavior': 'Not a migrant'}","Carnivore,","{'Mating behavior': 'Polygyny', 'Reproduction season': 'December-March', 'Pregnancy duration': '91-111 days', 'Baby carrying': '2-3 cubs', 'Independent age': '5-6 months', 'Baby name': 'cub'}","{'Population trend': 'Decreasing', 'Population status': 'Near Threatened (NT)'}"
Horse,Przewalski's Horse,,Animalia,Chordata,Vertebrata,,Mammalia,Perissodactyla,Equidae,,,,,,,"Viviparous,Precocial,Social,Herding,Dominance hierarchy,Domesticated,starts with","{'Geography': {}, 'Biome': ['Anthropogenic biome'], 'Climate': []}","{'Lifestyle': 'Viviparous, Precocial'}",,{},{}
Raccoon,Animalia,Chordata,Vertebrata,Mammalia,Carnivora,Caniformia,Procyonidae,Procyon,Procyon lotor,Unknown,2-20 yrs,24 km/h,2-14 kg,23-30 cm,40-70 cm,"Nocturnal,Crepuscular,Omnivore,Terrestrial,Altricial,Burrowing,Arboreal,Scansorial,Viviparous,Polygynandry,Social,Not a migrant,starts with,Smart Animals","{'Geography': {'Continents': 'North America', 'Subcontinents': 'Central America', 'Countries': 'Belize, Canada, Costa Rica, El Salvador,  Guatemala, Honduras, Mexico, Nicaragua, Panama, United States', 'Introduced countries': 'Austria, Azerbaijan, Belgium, Czech Republic, Estonia, France, Georgia, Germany, Hungary, Italy,', 'Biogeographical realms': 'Japan, Lithuania, Luxembourg, Netherlands, Romania, Russia, Serbia, Slovakia, Slovenia, Spain, Switzerland, Ukraine, Uzbekistan', 'Wwf biomes': 'Nearctic, Neotropical, Palearctic'}, 'Biome': ['Wetlands ', 'Anthropogenic biome', 'Urban wildlife', 'Bog', 'Forest', 'Marsh', 'Riparian', 'Suburban', 'Swamp', 'Woodland', 'Montane forest', 'Agricultural'], 'Climate': ['Tropical', 'Temperate', 'Cold']}","{'Group name': 'gaze, nursery, committee, smack, brace, troop', 'Lifestyle': 'Terrestrial, Altricial, Burrowing, Arboreal, Scansorial, Viviparous', 'Seasonal behavior': 'Not a migrant'}",Omnivore,"{'Mating behavior': 'Polygynandry', 'Reproduction season': 'February-June', 'Pregnancy duration': '2 months', 'Baby carrying': '4-5 kits', 'Independent age': '10 months', 'Female name': 'sow', 'Male name': 'boar', 'Baby name': 'kit, cub'}","{'Population trend': 'Increasing', 'Population status': 'Least concern (LC)'}"
Polar Bear,Animalia,Chordata,Vertebrata,Mammalia,Carnivora,Caniformia,Ursidae,Ursus,Ursus maritimus,22-31 Thou,25-30 yrs,40 km/h,150-800 kg,1.6 m,1.8-2.5 m,"Diurnal,Carnivore,Scavenger,Terrestrial,Altricial,Natatorial,Nomadic,Apex predator,Burrowing,Aquatic,Polygyny,Dangerous,Solitary,Hibernating,starts with,Canada Province Animals,Giant Animals,Snow White","{'Geography': {'Continents': 'North America, Europe, Asia', 'Countries': 'Canada, Norway, Russia, United States', 'Regions': 'Labrador,  Manitoba, Newfoundland, Northwest Territories, Nunavut, Ontario, Québec, Yukon, Greenland, Yakutiya,', 'Oceans': 'Alaska, Newfoundland I', 'Biogeographical realms': 'Arctic Ocean', 'Wwf biomes': 'Nearctic, Palearctic'}, 'Biome': ['Coastal', 'Icecap', 'Marine', 'Intertidal zone', 'Oceanic pelagic zone', 'Neritic zone'], 'Climate': ['Polar', 'Cold']}","{'Group name': 'sloth, sleuth', 'Lifestyle': 'Terrestrial, Altricial, Natatorial, Nomadic, Apex predator, Burrowing, Aquatic', 'Seasonal behavior': 'Hibernating'}","Carnivore,,Scavenger","{'Mating behavior': 'Polygyny', 'Reproduction season': 'April-May', 'Baby carrying': '2 cubs', 'Independent age': '2-3 years', 'Female name': 'sow', 'Male name': 'boar', 'Baby name': 'cub'}",{'Population status': 'Vulnerable (VU)'}
Cheetah,Animalia,Chordata,Vertebrata,Mammalia,Carnivora,Feliformia,Felidae,Acinonyx,Acinonyx jubatus,"6,674",10-20 yrs,112 km/h,21-72 kg,70-90 cm,112-150 cm,"Diurnal,Carnivore,Terrestrial,Cursorial,Altricial,Territorial,Viviparous,Pursuit predator,Ambush predator,Nomadic,Polygyny,Social,Solitary,Not a migrant,starts with,Spotted Animals,Fast Animals","{'Geography': {'Continents': 'Africa, Asia', 'Subcontinents': 'North Africa, Sub-Saharan Africa, Western Asia', 'Countries': 'Algeria, Angola, Benin, Botswana, Burkina Faso, Central African Republic, Chad, Ethiopia, Iran, Kenya,', 'Biogeographical realms': 'Mali, Mozambique, Namibia, Niger, South Africa, South Sudan, Tanzania, Uganda, Zambia, Zimbabwe, Eritrea, Swaziland', 'Wwf biomes': 'Indomalayan,  Palearctic, Afrotropical'}, 'Biome': ['Grassland', 'Savanna', 'Shrubland', 'Mountains'], 'Climate': ['Tropical', 'Arid']}","{'Group name': 'coalition', 'Lifestyle': 'Terrestrial, Cursorial, Altricial, Territorial, Viviparous, Pursuit predator, Ambush predator, Nomadic', 'Seasonal behavior': 'Not a migrant'}",Carnivore,"{'Mating behavior': 'Polygyny', 'Reproduction season': 'year-round', 'Pregnancy duration': '3 months', 'Baby carrying': '2-5 cubs', 'Independent age': '1.5-2 years', 'Female name': 'female', 'Male name': 'male', 'Baby name': 'cub'}","{'Population trend': 'Decreasing', 'Population status': 'Vulnerable (VU)'}"
Platypus,Animalia,Chordata,Vertebrata,Mammalia,Monotremata,,Ornithorhynchidae,Ornithorhynchus,Ornithorhynchus anatinus,Unknown,12-20 yrs,35 km/h,0.7-2.4 kg,,43-50 cm,"Nocturnal,Crepuscular,Carnivore,Semiaquatic,Altricial,Fossorial,Natatorial,Territorial,Oviparous,Burrowing,Polygynandry,Venomous,Solitary,Not a migrant,starts with,Weird Animals","{'Geography': {'Continents': 'Oceania', 'Countries': 'Australia', 'Regions': 'New South Wales, Queensland, South Australia, Tasmania, Victoria', 'Biogeographical realms': 'Australasian', 'Wwf biomes': 'Temperate broadleaf and mixed forest, Tropical moist forests'}, 'Biome': ['Lakes', 'Freshwater', 'Riparian', 'Rivers', 'Wetlands '], 'Climate': ['Temperate', 'Tropical']}","{'Lifestyle': 'Semiaquatic, Altricial, Fossorial, Natatorial, Territorial, Oviparous, Burrowing', 'Seasonal behavior': 'Not a migrant'}",Carnivore,"{'Mating behavior': 'Polygynandry', 'Reproduction season': 'June-October', 'Pregnancy duration': '10 days', 'Baby carrying': '1-2 puggles', 'Independent age': '4-5 months', 'Baby name': 'puggle'}","{'Population trend': 'Decreasing', 'Population status': 'Near Threatened (NT)'}"
Coyote,Animalia,Chordata,Vertebrata,Mammalia,Carnivora,Caniformia,Canidae,Canis,Canis latrans,Unknown,10-18 yrs,64 km/h,7-20 kg,53-61 cm,1-1.4 m,"Crepuscular,Diurnal,Carnivore,Scavenger,Terrestrial,Cursorial,Altricial,Territorial,Viviparous,Burrowing,Pack hunters,Monogamy,Dominance hierarchy,Highly social,starts with,U.S. States Animals","{'Geography': {'Continents': 'North America', 'Subcontinents': 'Central America', 'Countries': 'Belize, Canada, Costa Rica, El Salvador, Guatemala, Honduras, Mexico, Nicaragua, Panama, United States', 'Biogeographical realms': 'Nearctic, Neotropical', 'Wwf biomes': 'Desert and Xeric Shrublands, Mediterranean forests, woodlands, and scrub,  Montane grasslands and shrublands, Taiga, Temperate broadleaf and mixed forest, Temperate coniferous forest, Temperate grasslands, Tropical coniferous forests, Tropical dry forest, Tropical moist forests,'}, 'Biome': ['Urban wildlife', 'Anthropogenic biome', 'Forest', 'Mountains', 'Grassland', 'Shrubland', 'Suburban', 'Agricultural'], 'Climate': ['Tropical', 'Temperate', 'Cold']}","{'Group name': 'pack, band, rout', 'Lifestyle': 'Terrestrial, Cursorial, Altricial, Territorial, Viviparous, Burrowing, Pack hunters'}","Carnivore,,Scavenger","{'Mating behavior': 'Monogamy', 'Reproduction season': 'February-March', 'Pregnancy duration': '63 days', 'Baby carrying': '3-12 pups', 'Independent age': '35 days', 'Female name': 'bitch', 'Male name': 'dog', 'Baby name': 'pup, cub, whelp'}","{'Population trend': 'Increasing', 'Population status': 'Least concern (LC)'}"
Moose,Animalia,Chordata,Vertebrata,Mammalia,Artiodactyla,Ruminantia,Cervidae,Alces,Alces alces,,15-25 years,32 km/h,270-720 kg,1.8-2.1 m,2.4-3.2 m,"Diurnal,Herbivore,Folivore,Lignivore,Terrestrial,Precocial,Browsing,Cursorial,Viviparous,Polygamy,Solitary,Dominance hierarchy,Partial Migrant,starts with,Canada Province Animals,Best Horns","{'Geography': {'Continents': 'Europe, North America, Asia', 'Subcontinents': 'East Asia, Central Asia', 'Countries': 'Belarus, Canada, China, Croatia, Czech Republic, Estonia, Finland, Germany, Hungary, Kazakhstan,', 'Regions': 'Latvia, Lithuania, Moldova, Mongolia, Norway, Poland, Romania, Russia, Slovakia, Sweden, Ukraine, United States', 'Biogeographical realms': 'Alaska', 'Wwf biomes': 'Nearctic, Palearctic Indian ocean, Taiga, Temperate broadleaf and mixed forest, Temperate coniferous forest, Tundra'}, 'Biome': ['Wetlands ', 'Bog', 'Forest', 'Lakes', 'Marsh', 'Riparian', 'Rivers', 'Shrubland', 'Swamp', 'Woodland', 'Mountains'], 'Climate': ['Temperate', 'Cold']}","{'Lifestyle': 'Terrestrial, Precocial, Browsing, Cursorial, Viviparous', 'Seasonal behavior': 'Partial Migrant'}","Herbivore,,Folivore,,Lignivore","{'Mating behavior': 'Polygamy', 'Reproduction season': 'September-October', 'Pregnancy duration': '8 months', 'Baby carrying': '1 calf', 'Independent age': '12 months', 'Female name': 'cowb', 'Male name': 'bull', 'Baby name': 'calf'}","{'Population trend': 'Stable', 'Population status': 'Least concern (LC)'}"
Bobcat,Animalia,Chordata,Vertebrata,Mammalia,Carnivora,Feliformia,Felidae,Lynx,Lynx rufus,,12-25 yrs,55 km/h,4-18 kg,30-60 cm,47.5-125 cm,"Crepuscular,Carnivore,Scavenger,Terrestrial,Cursorial,Mesopredator,Territorial,Viviparous,Ambush predator,Polygynandry,Solitary,Dominance hierarchy,Not a migrant,starts with,U.S. States Animals","{'Geography': {'Continents': 'North America  Canada, Mexico, United States', 'Countries': 'Alberta, British Columbia, Manitoba, New Brunswick, Nova Scotia, Ontario, Québec, Saskatchewan, Alabama, Arizona,', 'Regions': 'Arkansas, California, Colorado, Connecticut, Florida, Georgia, Idaho, Illinois, Indiana, Iowa, Kansas, Kentucky, Louisiana, Maine, Maryland, Massachusetts, Michigan, Minnesota, Mississippi,  Missouri, Montana, Nebraska, Nevada, New Hampshire, New Jersey, New Mexico, New York, North Carolina, North Dakota, Ohio, Oklahoma, Oregon, Pennsylvania, Rhode Island, South Carolina, South Dakota, Tennessee, Texas, Utah, Vermont, Virginia, Washington, West Virginia, Wisconsin, Wyoming, Baja California, Prince Edward I.', 'Biogeographical realms': 'Nearctic', 'Wwf biomes': 'Desert and Xeric Shrublands, Mediterranean forests, woodlands, and scrub, Temperate broadleaf and mixed forest, Temperate coniferous forest,  Temperate grasslands, Tropical coniferous forests, Tropical dry forest'}, 'Biome': ['Chaparral', 'Forest', 'Mountains', 'Grassland', 'Savanna', 'Shrubland', 'Swamp', 'Woodland'], 'Climate': ['Temperate', 'Tropical']}","{'Group name': 'destruction (wild cats), clowder, clutter, pounce', 'Lifestyle': 'Terrestrial, Cursorial, Mesopredator, Territorial, Viviparous, Ambush predator', 'Seasonal behavior': 'Not a migrant'}","Carnivore,,Scavenger","{'Mating behavior': 'Polygynandry', 'Reproduction season': 'February-March', 'Pregnancy duration': '60-70 days', 'Baby carrying': '3 kittens', 'Independent age': '8 months', 'Female name': 'queen', 'Male name': 'tomcat', 'Baby name': 'kitten'}","{'Population trend': 'Stable', 'Population status': 'Least concern (LC)'}"
Leopard,Animalia,Chordata,Vertebrata,Mammalia,Carnivora,Feliformia,Felidae,Panthera,Panthera pardus,Unknown,10-20 yrs,58 km/h,28-90 kg,57-70 cm,90-190 cm,"Nocturnal,Carnivore,Terrestrial,Arboreal,Altricial,Ambush predator,Apex predator,Cursorial,Territorial,Viviparous,Polygynandry,Solitary,Not a migrant,starts with,Spotted Animals,Aristocrats,Dangerous Animals","{'Geography': {'Continents': 'Asia, Africa', 'Subcontinents': 'South Asia, Sub-Saharan Africa, Western Asia, Southeast Asia, East Asia, North Africa, Central Asia', 'Countries': 'Angola, Armenia, Azerbaijan, Bangladesh, Benin, Bhutan, Botswana, Burkina Faso, Burundi, Cambodia,', 'Biogeographical realms': ""Cameroon, Central African Republic, Chad, China, Congo, DR Congo, Cote d'Ivoire, Djibouti, Egypt, Equatorial Guinea, Eritrea, Ethiopia, Gabon, Ghana, Guinea, Guinea-Bissau, India, Indonesia, Iran, Iraq, Kenya, Liberia, Malawi, Malaysia, Mali, Mozambique, Myanmar, Namibia, Nepal, Niger, Nigeria, Oman, Pakistan,  Russia, Rwanda, Saudi Arabia, Senegal, Sierra Leone, Somalia, South Africa, South Sudan, Sri Lanka, Sudan, Swaziland, Tanzania, Thailand, Turkey, Turkmenistan, Uganda, Yemen, Zambia, Zimbabwe, Afghanistan"", 'Wwf biomes': 'Palearctic, Indomalayan, Afrotropical'}, 'Biome': ['Forest', 'Rainforest', 'Savanna', 'Woodland'], 'Climate': ['Tropical', 'Arid', 'Temperate']}","{'Group name': 'leap or lepe', 'Lifestyle': 'Terrestrial, Arboreal, Altricial, Ambush predator, Apex predator, Cursorial, Territorial, Viviparous', 'Seasonal behavior': 'Not a migrant'}",Carnivore,"{'Mating behavior': 'Polygynandry', 'Reproduction season': 'year-round, peak in May', 'Pregnancy duration': '90-105 days', 'Baby carrying': '2-4 cubs', 'Independent age': '18-24 months', 'Female name': 'leopardess', 'Male name': 'leopard', 'Baby name': 'cub'}","{'Population trend': 'Decreasing', 'Population status': 'Vulnerable (VU)'}"
Narwhal,Animalia,Chordata,Vertebrata,Mammalia,Artiodactyla,,Monodontidae,Monodon,Monodon monoceros,80,50 yrs,,"800-1,600 kg",,4-5.5m,"Carnivore,Piscivores,Aquatic,Precocial,Natatorial,Congregatory,Viviparous,Polygyny,Social,Dominance hierarchy,Migrating,starts with,Weird Animals","{'Geography': {'Continents': 'North America, Asia, Europe', 'Countries': 'Canada, Russia', 'Regions': 'Greenland', 'Oceans': 'Arctic Ocean, Atlantic Ocean', 'Biogeographical realms': 'Nearctic, Palearctic'}, 'Biome': ['Oceanic pelagic zone', 'Marine', 'Neritic zone', 'Benthic'], 'Climate': ['Cold', 'Polar']}","{'Group name': 'pod, gam, herd, school, mod', 'Lifestyle': 'Aquatic, Precocial, Natatorial, Congregatory, Viviparous', 'Seasonal behavior': 'Migrating'}","Carnivore,,Piscivores","{'Mating behavior': 'Polygyny', 'Reproduction season': 'March-May', 'Pregnancy duration': '15 months', 'Baby carrying': '1 calf', 'Independent age': '1 year', 'Female name': 'cow', 'Male name': 'bull', 'Baby name': 'calf'}",{'Population status': 'Near Threatened (NT)'}
Common Hippo,Animalia,Chordata,Vertebrata,Mammalia,Artiodactyla,,Hippopotamidae,Hippopotamus,Hippopotamus amphibius,125-148 Thou,40-50 yrs,30 km/h,1-4.5 t,1.6 m,2.7-3.5 m,"Nocturnal,Herbivore,Graminivore,Semiaquatic,Precocial,Grazing,Natatorial,Territorial,Viviparous,Congregatory,Polygyny,Dangerous,Dominance hierarchy,Highly social,Not a migrant,starts with,Long-Lived Animals,Dangerous Animals,Giant Animals","{'Geography': {'Continents': 'Africa', 'Subcontinents': 'Sub-Saharan Africa', 'Countries': 'Angola, Benin, Botswana, Burkina Faso, Burundi, Cameroon, Central African Republic, Chad, Congo, DR Congo,', 'Biogeographical realms': ""Cote d'Ivoire, Equatorial Guinea, Ethiopia, Gabon, Gambia, Ghana, Guinea, Guinea-Bissau, Kenya, Malawi, Mali, Mozambique, Namibia, Niger, Nigeria, Rwanda, Senegal, Sierra Leone, Somalia, South Africa,  South Sudan, Sudan, Swaziland, Tanzania, Togo, Uganda, Zambia, Zimbabwe"", 'Wwf biomes': 'Afrotropical'}, 'Biome': ['Lakes', 'Rivers', 'Shrubland', 'Wetlands ', 'Estuaries', 'Freshwater', 'Swamp', 'Forest', 'Grassland', 'Savanna', 'Riparian', 'Rainforest', 'Coastal', 'Neritic zone', 'Brackish water', 'Marine'], 'Climate': ['Tropical', 'Temperate']}","{'Group name': 'bloat, herd, thunder, pod, school', 'Lifestyle': 'Semiaquatic, Precocial, Grazing, Natatorial, Territorial, Viviparous, Congregatory', 'Seasonal behavior': 'Not a migrant'}","Herbivore,,Graminivore","{'Mating behavior': 'Polygyny', 'Reproduction season': 'year-round, peaks in February-August', 'Pregnancy duration': '240 days', 'Baby carrying': '1 calf', 'Independent age': '18 months', 'Female name': 'cow', 'Male name': 'bull', 'Baby name': 'calf'}","{'Population trend': 'Decreasing', 'Population status': 'Vulnerable (VU)'}"
Wolverine,Animalia,Chordata,Vertebrata,Mammalia,Carnivora,Caniformia,Mustelidae,Gulo,Gulo gulo,Unknown,5-17 yrs,48 km/h,9-25 kg,30-45 cm,65-107 cm,"Nocturnal,Carnivore,Scavenger,Terrestrial,Altricial,Viviparous,Burrowing,Predator,Polygyny,Solitary,Not a migrant,starts with,Vicious Animals,Canada Province Animals,Fluffy Animals","{'Geography': {'Continents': 'North America, Asia, Europe', 'Subcontinents': 'East Asia', 'Countries': 'Canada, China, Finland, Mongolia, Norway, Russia, Sweden, United States, Estonia', 'Biogeographical realms': 'Nearctic, Palearctic Montane grasslands and shrublands, Taiga, Tundra'}, 'Biome': ['Forest', 'Mountains', 'Grassland', 'Shrubland', 'Woodland', 'Rocky areas '], 'Climate': ['Cold', 'Polar', 'Temperate']}","{'Group name': 'pack', 'Lifestyle': 'Terrestrial, Altricial, Viviparous, Burrowing, Predator', 'Seasonal behavior': 'Not a migrant'}","Carnivore,,Scavenger","{'Mating behavior': 'Polygyny', 'Reproduction season': 'May-August', 'Pregnancy duration': '2 months', 'Baby carrying': '2-3 kits', 'Independent age': '3 months', 'Female name': 'angeline', 'Male name': 'wolverine', 'Baby name': 'kit, whelp'}","{'Population trend': 'Decreasing', 'Population status': 'Least concern (LC)'}"
Red Panda,Animalia,Chordata,Vertebrata,Mammalia,Carnivora,Caniformia,Ailuridae,Ailurus,Ailurus fulgens,16-20 Thou,8-14 yrs,38 km/h,3-6.2 kg,,50-64 cm,"Nocturnal,Crepuscular,Herbivore,Folivore,Arboreal,Altricial,Terrestrial,Viviparous,Territorial,Polygynandry,Solitary,Altitudinal Migrant,starts with,Cute Animals,Fluffy Animals","{'Geography': {'Continents': 'Asia', 'Subcontinents': 'Southeast Asia, East Asia, South Asia', 'Countries': 'Bhutan, China,  India, Myanmar, Nepal', 'Biogeographical realms': 'Indomalayan', 'Wwf biomes': 'Temperate broadleaf and mixed forest, Temperate coniferous forest'}, 'Biome': ['Forest', 'Mountains', 'Montane forest'], 'Climate': ['Temperate', 'Tropical']}","{'Group name': 'sleuth', 'Lifestyle': 'Arboreal, Altricial, Terrestrial, Viviparous, Territorial', 'Seasonal behavior': 'Altitudinal Migrant'}","Herbivore,,Folivore","{'Mating behavior': 'Polygynandry', 'Reproduction season': 'January-March', 'Pregnancy duration': '4 months', 'Baby carrying': '1-5 cubs', 'Independent age': '6-8 months', 'Female name': 'sow', 'Male name': 'boar', 'Baby name': 'cub'}","{'Population trend': 'Decreasing', 'Population status': 'Endangered (EN)'}"
Dingo,Animalia,Chordata,Vertebrata,Mammalia,Carnivora,Caniformia,Canidae,Canis,Canis dingo,Unknown,5-15 yrs,48 km/h,13-20 kg,52-60 cm,117-154 cm,"Crepuscular,Nocturnal,Carnivore,Scavenger,Terrestrial,Altricial,Pack hunters,Cursorial,Apex predator,Pursuit predator,Territorial,Pack hunters,Monogamy,Social,Dominance hierarchy,Not a migrant,starts with","{'Geography': {'Continents': 'Oceania', 'Countries': 'Australia', 'Regions': 'Australasian,  Indomalayan', 'Biogeographical realms': 'Desert and Xeric Shrublands, Montane grasslands and shrublands, Temperate broadleaf and mixed forest, Temperate grasslands, Tropical moist forests, Tropical savanna'}, 'Biome': ['Shrubland', 'Forest', 'Anthropogenic biome', 'Suburban', 'Urban wildlife', 'Coastal'], 'Climate': ['Tropical', 'Arid', 'Temperate']}","{'Group name': 'pack', 'Lifestyle': 'Terrestrial, Altricial, Pack hunters, Cursorial, Apex predator, Pursuit predator, Territorial, Pack hunters', 'Seasonal behavior': 'Not a migrant'}","Carnivore,,Scavenger","{'Mating behavior': 'Monogamy', 'Reproduction season': 'March-April in Australia, August-September in Southeast Asia', 'Pregnancy duration': '63 days', 'Baby carrying': '4-5 pups', 'Independent age': '8 weeks', 'Female name': 'bitch', 'Male name': 'dog', 'Baby name': 'pup'}",{'Population status': 'Not evaluated (NE)'}
Capybara,Animalia,Chordata,Vertebrata,Mammalia,Rodentia,,Caviidae,Hydrochoerus,Hydrochoerus hydrochaeris,Unknown,6-12 yrs,35 km/h,35-66 kg,50-62 cm,106-134 cm,"Crepuscular,Herbivore,Folivore,Coprophage,Lignivore,Precocial,Grazing,Natatorial,Territorial,Viviparous,Semiaquatic,Polygyny,Dominance hierarchy,Highly social,Not a migrant,starts with,Cute Animals","{'Geography': {'Continents': 'South America', 'Countries': 'Argentina, Bolivia, Brazil, Colombia, Ecuador, Guyana, Paraguay, Peru, Uruguay, Venezuela', 'Biogeographical realms': 'Neotropical', 'Wwf biomes': 'Flooded grasslands and savannas , Tropical moist forests'}, 'Biome': ['Forest', 'Marsh', 'Wetlands ', 'Rainforest', 'Riparian', 'Swamp', 'Freshwater', 'Lakes', 'Rivers', 'Savanna'], 'Climate': ['Tropical']}","{'Lifestyle': 'Precocial, Grazing, Natatorial, Territorial, Viviparous, Semiaquatic', 'Seasonal behavior': 'Not a migrant'}","Herbivore,,Folivore,,Coprophage,,Lignivore","{'Mating behavior': 'Polygyny', 'Reproduction season': 'Year-round, peak in May-June', 'Pregnancy duration': '150 days', 'Baby carrying': '2-8 pups', 'Independent age': '1 year', 'Baby name': 'pup'}","{'Population trend': 'Stable', 'Population status': 'Least concern (LC)'}"
Tasmanian Devil,Animalia,Chordata,Vertebrata,Mammalia,Dasyuromorphia,,Dasyuridae,Sarcophilus,Sarcophilus harrisii,10-25 Thou,5-8 yrs,24 km/h,4-12 kg,,52-80 cm,"Nocturnal,Crepuscular,Carnivore,Scavenger,Terrestrial,Altricial,Viviparous,Arboreal,Territorial,Ambush predator,Apex predator,Pursuit predator,Polygynandry,Solitary,Not a migrant,starts with,Vicious Animals,Slow Animals","{'Geography': {'Continents': 'Oceania', 'Countries': 'Australia', 'Regions': 'Tasmania', 'Biogeographical realms': 'Australasian', 'Wwf biomes': 'Temperate broadleaf and mixed forest'}, 'Biome': ['Agricultural', 'Anthropogenic biome', 'Forest', 'Shrubland', 'Woodland', 'Grassland', 'Suburban'], 'Climate': ['Temperate']}","{'Lifestyle': 'Terrestrial, Altricial, Viviparous, Arboreal, Territorial, Ambush predator, Apex predator, Pursuit predator', 'Seasonal behavior': 'Not a migrant'}","Carnivore,,Scavenger","{'Mating behavior': 'Polygynandry', 'Reproduction season': 'March', 'Pregnancy duration': '21 days', 'Baby carrying': '2-3 imps', 'Independent age': '8 months', 'Baby name': 'pup, joey, imp'}","{'Population trend': 'Decreasing', 'Population status': 'Endangered (EN)'}"
Domestic Guinea Pig,Animalia,Chordata,Vertebrata,Mammalia,Rodentia,,Caviidae,Cavia,Cavia porcellus,Unknown,8-14 yrs,,"700-1,200 g",,20-25 cm,"Crepuscular,Herbivore,Folivore,Frugivore,Terrestrial,Precocial,Grazing,Social,Not a migrant,Domesticated,starts with","{'Geography': {'Biogeographical realms': 'Neotropical'}, 'Biome': [], 'Climate': []}","{'Group name': 'herd', 'Lifestyle': 'Terrestrial, Precocial, Grazing,', 'Seasonal behavior': 'Not a migrant'}","Herbivore,,Folivore,,Frugivore","{'Reproduction season': 'year-round, with the peak in spring', 'Pregnancy duration': '59-72 days', 'Baby carrying': '3 pups', 'Independent age': '14-21 days', 'Female name': 'sow', 'Male name': 'boar', 'Baby name': 'pup, piglet'}",{'Population status': 'Not evaluated (NE)'}
Alpaca,Animalia,Chordata,Vertebrata,Mammalia,Artiodactyla,,Camelidae,Vicugna,Vicugna pacos,3.5 mln,5-20 yrs,48 km/h,55-65 kg,81-99 cm,1200-2250 mm,"Diurnal,Herbivore,Graminivore,Terrestrial,Precocial,Grazing,Nomadic,Viviparous,Territorial,Polygyny,Social,Herding,Dominance hierarchy,Not a migrant,starts with,Fluffy Animals","{'Geography': {'Continents': 'South America', 'Countries': 'Chile, Bolivia, Ecuador, Peru', 'Biogeographical realms': 'Australasian, Nearctic, Neotropical, Palearctic', 'Wwf biomes': 'Montane grasslands and shrublands'}, 'Biome': ['Agricultural', 'Anthropogenic biome', 'Mountains', 'Grassland'], 'Climate': ['Arid', 'Temperate']}","{'Group name': 'herd', 'Lifestyle': 'Terrestrial, Precocial, Grazing, Nomadic, Viviparous, Territorial', 'Seasonal behavior': 'Not a migrant'}","Herbivore,,Graminivore","{'Mating behavior': 'Polygyny', 'Reproduction season': 'year-round', 'Pregnancy duration': '242-345 days', 'Baby carrying': '1 cria', 'Independent age': '6 months', 'Female name': 'hembra', 'Male name': 'macho', 'Baby name': 'cria'}",{'Population status': 'Not evaluated (NE)'}
Domestic Sheep,Animalia,Chordata,Vertebrata,Mammalia,Artiodactyla,,Bovidae,Ovis,Ovis aries,"7,5",10-20 yrs,,45-160 kg,,120-180 cm,"Diurnal,Herbivore,Graminivore,Terrestrial,Grazing,Precocial,Viviparous,Polygyny,Herding,Social,Dominance hierarchy,Not a migrant,Domesticated,starts with","{'Geography': {'Biogeographical realms': 'Australasian, Afrotropical, Nearctic, Neotropical, Indomalayan, Palearctic'}, 'Biome': ['Agricultural', 'Anthropogenic biome'], 'Climate': ['Tropical', 'Arid', 'Temperate', 'Cold']}","{'Group name': 'flock, fold, herd, mob, trip, drift, drove', 'Lifestyle': 'Terrestrial, Grazing, Precocial, Viviparous', 'Seasonal behavior': 'Not a migrant'}","Herbivore,,Graminivore","{'Mating behavior': 'Polygyny', 'Reproduction season': 'seasonal, year-round', 'Pregnancy duration': '5 months', 'Baby carrying': '1-2 lambs', 'Female name': 'ewe, dam', 'Male name': 'buck, ram', 'Baby name': 'lamb, lambkin'}",{}
American Bison,Animalia,Chordata,Vertebrata,Mammalia,Artiodactyla,,Bovidae,Bison,Bison bison,"11,248-13,12",15-40 yrs,35 km/h,318-1000 kg,152-186 cm,2-3.5 m,"Diurnal,Herbivore,Graminivore,Terrestrial,Cursorial,Precocial,Grazing,Nomadic,Congregatory,Viviparous,Polygyny,Dangerous,Social,Herding,Dominance hierarchy,Migrating,starts with,Lucky Animals,U.S. States Animals,Canada Province Animals,Dangerous Animals","{'Geography': {'Continents': 'North America', 'Countries': 'Canada, United States', 'Regions': 'Alberta, Ontario, Manitoba, British Columbia, Saskatchewan, Northwest Territories', 'Biogeographical realms': 'Nearctic', 'Wwf biomes': 'Taiga, Temperate grasslands'}, 'Biome': ['Wetlands ', 'Grassland', 'Shrubland', 'Savanna', 'Riparian', 'Anthropogenic biome', 'Agricultural', 'Mountains'], 'Climate': ['Temperate', 'Cold']}","{'Group name': 'gang, herd, obstinacy', 'Lifestyle': 'Terrestrial, Cursorial, Precocial, Grazing, Nomadic, Congregatory, Viviparous', 'Seasonal behavior': 'Migrating'}","Herbivore,,Graminivore","{'Mating behavior': 'Polygyny', 'Reproduction season': 'June-September', 'Pregnancy duration': '285 days', 'Baby carrying': '1 calf', 'Independent age': '1 year', 'Female name': 'cow', 'Male name': 'bull', 'Baby name': 'calf'}","{'Population trend': 'Stable', 'Population status': 'Near Threatened (NT)'}"
Bonobo,Animalia,Chordata,Vertebrata,Mammalia,Primates,Haplorhini,Hominidae,Pan,Pan paniscus,"29,5-50 Thou",35-50 yrs,40 km/h,30-60 kg,115 cm,70-83 cm,"Diurnal,Frugivore,Herbivore,Terrestrial,Arboreal,Zoochory,Polygynandry,Social,Dominance hierarchy,Not a migrant,starts with","{'Geography': {'Continents': 'Africa', 'Subcontinents': 'Sub-Saharan Africa', 'Countries': 'DR Congo', 'Biogeographical realms': 'Afrotropical', 'Wwf biomes': 'Tropical moist forests'}, 'Biome': ['Forest', 'Rainforest'], 'Climate': ['Tropical']}","{'Group name': 'troop', 'Lifestyle': 'Terrestrial, Arboreal, Zoochory,', 'Seasonal behavior': 'Not a migrant'}","Frugivore,,Herbivore","{'Mating behavior': 'Polygynandry', 'Reproduction season': 'Year-round', 'Pregnancy duration': '8 months', 'Baby carrying': '1 infant', 'Independent age': '4 years', 'Female name': 'female', 'Male name': 'male', 'Baby name': 'infant'}","{'Population trend': 'Decreasing', 'Population status': 'Endangered (EN)'}"
Honey Badger,Animalia,Chordata,Vertebrata,Mammalia,Carnivora,Caniformia,Mustelidae,Mellivora,Mellivora capensis,Unknown,7-26 yrs,30 km/h,5-16 kg,23-28 cm,77 cm,"Nocturnal,Carnivore,Terrestrial,Altricial,Burrowing,Viviparous,Predator,Polygyny,Solitary,Dominance hierarchy,Not a migrant,starts with,Black And White Animals","{'Geography': {'Continents': 'Africa, Asia', 'Subcontinents': 'North Africa, Sub-Saharan Africa, South Asia, Western Asia, Central Asia', 'Countries': 'Algeria, Angola, Benin, Botswana, Burkina Faso, Burundi, Cameroon, Central African Republic, Chad, Congo,', 'Biogeographical realms': ""DR Congo, Cote d'Ivoire, Djibouti, Equatorial Guinea, Eritrea, Ethiopia,  Gabon, Gambia, Ghana, Guinea, Guinea-Bissau, India, Iran, Iraq, Israel, Jordan, Kazakhstan, Kenya, Kuwait, Lebanon, Liberia, Malawi, Mali, Mauritania, Morocco, Mozambique, Namibia, Nepal, Niger, Nigeria, Oman, Pakistan, Qatar, Rwanda, Saudi Arabia, Senegal, Sierra Leone, Somalia, South Africa, Sudan, Swaziland,  Tanzania, Togo, Turkmenistan, Uganda, United Arab Emirates, Uzbekistan, Western Sahara, Yemen, Zambia, Zimbabwe"", 'Wwf biomes': 'Palearctic, Indomalayan, Afrotropical'}, 'Biome': ['Forest', 'Shrubland', 'Savanna', 'Montane forest', 'Woodland'], 'Climate': ['Tropical', 'Arid', 'Temperate']}","{'Group name': 'cete, colony, set, company', 'Lifestyle': 'Terrestrial, Altricial, Burrowing, Viviparous, Predator', 'Seasonal behavior': 'Not a migrant'}",Carnivore,"{'Mating behavior': 'Polygyny', 'Reproduction season': 'year-round, peak in September-December', 'Pregnancy duration': '50-70 days', 'Baby carrying': '1 kit', 'Independent age': '1-2 years', 'Female name': 'sow', 'Male name': 'boar', 'Baby name': 'kit, cub'}","{'Population trend': 'Decreasing', 'Population status': 'Least concern (LC)'}"
Goat,Wild Goat,,Animalia,Chordata,Vertebrata,,Mammalia,Bovidae,Caprinae,,,,,,,starts with,"{'Geography': {}, 'Biome': [], 'Climate': []}",{'Lifestyle': ''},,{},{}
Donkey,African Wild Ass,,Animalia,Chordata,Vertebrata,,Mammalia,Perissodactyla,Equidae,Equus,Equus africanus asinus,41 Mln,12-50 yrs,24 km/h,,"Diurnal,Herbivore,Terrestrial,Precocial,Grazing,Polygyny,Social,Not a migrant,starts with","{'Geography': {}, 'Biome': [], 'Climate': ['Tropical', 'Arid', 'Temperate', 'Cold']}","{'Group name': 'herd, coffle, drove, pace', 'Lifestyle': 'Terrestrial, Precocial, Grazing,', 'Seasonal behavior': 'Not a migrant'}",Herbivore,"{'Mating behavior': 'Polygyny', 'Reproduction season': 'Year-round', 'Pregnancy duration': '11-14 months', 'Baby carrying': '1 foal', 'Independent age': '5 months', 'Female name': 'jenny, jennet', 'Male name': 'jack, jackass', 'Baby name': 'foal, colt'}",{'Population status': 'Not evaluated (NE)'}
Bengal tiger,Tiger,,Animalia,Chordata,Vertebrata,Mammalia,Carnivora,Feliformia,Felidae,,,,,,,"Terrestrial,starts with","{'Geography': {'Wwf biomes': 'Mangrove'}, 'Biome': [], 'Climate': []}","{'Lifestyle': 'Terrestrial,'}",,{},"{'Population trend': 'Decreasing', 'Population status': 'Endangered (EN)'}"
Llama,Animalia,Chordata,Vertebrata,Mammalia,Artiodactyla,,Camelidae,Lama,Lama glama,,15-25 yrs,45 km/h,130-200 kg,1.7-1.8 m,,"Diurnal,Herbivore,Folivore,Terrestrial,Cursorial,Territorial,Viviparous,Precocial,Browsing,Polygyny,Dominance hierarchy,Not a migrant,starts with","{'Geography': {'Biogeographical realms': 'Australasian, Nearctic, Neotropical, Palearctic'}, 'Biome': ['Agricultural', 'Anthropogenic biome', 'Mountains'], 'Climate': ['Arid', 'Temperate']}","{'Group name': 'herd', 'Lifestyle': 'Terrestrial, Cursorial, Territorial, Viviparous, Precocial, Browsing', 'Seasonal behavior': 'Not a migrant'}","Herbivore,,Folivore","{'Mating behavior': 'Polygyny', 'Reproduction season': 'late summer-early fall', 'Pregnancy duration': '350-360 days', 'Baby carrying': '1 cria', 'Independent age': '1 year', 'Baby name': 'cria'}",{'Population status': 'Not evaluated (NE)'}
Wild Boar,Animalia,Chordata,Vertebrata,Mammalia,Artiodactyla,,Suidae,Sus,Sus scrofa,Unknown,2-27 yrs,48 km/h,80-175 kg,55-100 cm,153-240 cm,"Nocturnal,Crepuscular,Omnivore,Terrestrial,Precocial,Cosmopolitan,Polygyny,Social,Not a migrant,Wild,starts with","{'Geography': {'Continents': 'Asia, Europe, Africa, North America, South America, Oceania', 'Subcontinents': 'South Asia, North Africa, Western Asia, Southeast Asia, East Asia, Central Asia, Caribbean Islands, Sub-Saharan Africa', 'Countries': 'Albania, Algeria, Andorra, Armenia, Austria, Azerbaijan, Bangladesh, Belarus, Belgium, Bhutan,', 'Introduced countries': 'Bosnia and Herzegovina, Bulgaria, Cambodia, China, Croatia, Cyprus, Czech Republic, Estonia, Finland, France,  Georgia, Germany, Greece, Hong Kong, Hungary,  India, Indonesia, Iran, Iraq, Israel, Italy, Japan, Jordan, Kazakhstan,  North Korea, South Korea, Kyrgyzstan, Laos, Latvia, Lebanon, Liechtenstein, Lithuania, Luxembourg, Macedonia, Malaysia, Moldova, Monaco, Mongolia, Montenegro, Morocco, Myanmar, Nepal, Netherlands, Pakistan, Palestine, Poland, Portugal, Romania, Russia, San Marino, Serbia, Slovakia, Slovenia, Spain, Sri Lanka, Switzerland, Syria, Taiwan, Tajikistan,  Thailand, Tunisia, Turkey, Turkmenistan, Ukraine, Uzbekistan, Viet Nam, Sweden, United Kingdom, Afghanistan', 'Regions': 'Antigua and Barbuda, Argentina, Australia, Brazil, Colombia, Cuba, Dominican Republic, Ecuador, Fiji,  Jamaica,', 'Biogeographical realms': 'New Zealand, Papua New Guinea, South Africa, Sudan, United States', 'Wwf biomes': 'Arizona, Florida, Georgia, Hawaii, Kentucky, Mississippi, New Mexico, North Carolina, Tennessee, Texas,'}, 'Biome': ['Agricultural', 'Anthropogenic biome', 'Forest', 'Marsh', 'Wetlands ', 'Riparian', 'Grassland', 'Swamp', 'Savanna', 'Shrubland'], 'Climate': ['Tropical', 'Arid', 'Temperate', 'Cold']}","{'Group name': 'herd, singular, sounder', 'Lifestyle': 'Terrestrial, Precocial, Cosmopolitan,', 'Seasonal behavior': 'Not a migrant,'}","Omnivore,","{'Mating behavior': 'Polygyny', 'Reproduction season': 'Year-round', 'Pregnancy duration': '108-120 days', 'Baby carrying': '4-6 piglets', 'Independent age': '7 months', 'Female name': 'sow', 'Male name': 'boar', 'Baby name': 'piglet, farrow'}",{'Population status': 'Least concern (LC)'}
Red Fox,Animalia,Chordata,Vertebrata,Mammalia,Carnivora,Caniformia,Canidae,Vulpes,Vulpes vulpes,Unknown,5-15 yrs,50 km/h,3-14 kg,35-50 cm,45-90 cm,"Crepuscular,Nocturnal,Omnivore,Scavenger,Terrestrial,Altricial,Territorial,Viviparous,Burrowing,Predator,Bright,Cute,Monogamy,Social,Dominance hierarchy,Not a migrant,starts with,Canada Province Animals,Fluffy Animals","{'Geography': {'Continents': 'Asia, Europe, Africa, North America, Oceania', 'Subcontinents': 'South Asia, North Africa, Western Asia, Southeast Asia, East Asia, Central Asia, Sub-Saharan Africa', 'Countries': 'Albania, Algeria, Andorra, Armenia, Austria, Azerbaijan, Bangladesh, Belgium, Bhutan, Bosnia and Herzegovina,', 'Introduced countries': 'Bulgaria, Canada, Croatia, Cyprus, Czech Republic, Denmark, Egypt, Estonia, Faroe Islands, Finland, France, Georgia, Germany, Greece, Vatican, Hungary, Iceland,  India, Iran, Iraq, Ireland, Israel, Italy, Japan, Jordan, Kazakhstan, North Korea, Kuwait, Kyrgyzstan, Latvia, Lebanon, Libya, Liechtenstein, Lithuania, Luxembourg, Macedonia, Malta, Monaco, Mongolia, Montenegro, Morocco, Myanmar, Nepal, Netherlands, Norway, Oman, Pakistan, Poland, Portugal, Qatar, Romania, Russia,  San Marino, Saudi Arabia, Serbia, Slovakia, Slovenia, Spain, Sudan, Sweden, Switzerland, Syria, Tajikistan, Tunisia, Turkey, Turkmenistan, United Arab Emirates, United Kingdom, United States, Uzbekistan, Yemen, South Korea, Afghanistan', 'Biogeographical realms': 'Australia, New Zealand', 'Wwf biomes': 'Australasian, Nearctic, Neotropical, Palearctic, Indomalayan, Afrotropical'}, 'Biome': ['Agricultural', 'Anthropogenic biome', 'Chaparral', 'Forest', 'Mountains', 'Grassland', 'Shrubland', 'Suburban', 'Wetlands ', 'Rocky areas ', 'Woodland', 'Urban wildlife'], 'Climate': ['Temperate', 'Cold', 'Tropical']}","{'Group name': 'leash, skulk, earth, lead, troop', 'Lifestyle': 'Terrestrial, Altricial, Territorial, Viviparous, Burrowing, Predator', 'Seasonal behavior': 'Not a migrant', 'Predators': 'Arctic Wolf'}","Omnivore,,Scavenger,House Mouse,,Deer Mouse","{'Mating behavior': 'Monogamy', 'Reproduction season': 'January-March', 'Pregnancy duration': '2 months', 'Baby carrying': '1-10 kits', 'Independent age': '7 months', 'Female name': 'vixen', 'Male name': 'reynard, tod', 'Baby name': 'kit, cub, pup'}","{'Population trend': 'Stable', 'Population status': 'Least concern (LC)'}"
Groundhog,Animalia,Chordata,Vertebrata,Mammalia,Rodentia,,Sciuridae,Marmota,Marmota monax,Unknown,3-10 yrs,16 km/h,2-4 kg,,40-65 cm,"Diurnal,Herbivore,Folivore,Graminivore,Terrestrial,Altricial,Fossorial,Zoochory,Nomadic,Territorial,Viviparous,Burrowing,Torpor,Polygyny,Solitary,Dominance hierarchy,Hibernating,Not a migrant,starts with","{'Geography': {'Continents': 'North America', 'Countries': 'Canada, United States', 'Regions': 'Alberta, British Columbia, Labrador, Manitoba, New Brunswick, Newfoundland, Nova Scotia,  Ontario, Québec, Saskatchewan,', 'Biogeographical realms': 'Yukon, Alabama, Alaska, Arkansas, Connecticut, Delaware, District of Columbia, Georgia, Idaho, Illinois, Indiana, Iowa, Kansas, Kentucky, Maine, Maryland, Massachusetts, Michigan, Minnesota, Mississippi, Missouri, Nebraska, New Hampshire, New Jersey, New York, North Carolina, North Dakota, Ohio, Oklahoma, Pennsylvania, Rhode Island, South Carolina, South Dakota, Tennessee, Vermont, Virginia, Washington, West Virginia, Wisconsin, Newfoundland I', 'Wwf biomes': 'Nearctic'}, 'Biome': ['Anthropogenic biome', 'Forest', 'Riparian', 'Grassland', 'Woodland', 'Agricultural'], 'Climate': ['Temperate', 'Cold']}","{'Lifestyle': 'Terrestrial, Altricial, Fossorial, Zoochory, Nomadic, Territorial, Viviparous, Burrowing, Torpor', 'Seasonal behavior': 'Hibernating, Not a migrant'}","Herbivore,,Folivore,,Graminivore","{'Mating behavior': 'Polygyny', 'Reproduction season': 'year-round, early March to mid- or late April', 'Pregnancy duration': '31-32 days', 'Baby carrying': '1-9 pups', 'Independent age': '2 months', 'Baby name': 'pup, kit, cub'}","{'Population trend': 'Stable', 'Population status': 'Least concern (LC)'}"
Snow Leopard,Animalia,Chordata,Vertebrata,Mammalia,Carnivora,Feliformia,Felidae,Panthera,Uncia uncia,"2,710-3,386",15-21 yrs,88 km/h,27-55 kg,60 cm,75-150 cm,"Crepuscular,Carnivore,Cursorial,Terrestrial,Pursuit predator,Altricial,Viviparous,Polygyny,Solitary,Altitudinal Migrant,starts with,Leopard In The Name,Fluffy Animals","{'Geography': {'Continents': 'Asia', 'Subcontinents': 'South Asia, Central Asia', 'Countries': 'Bhutan, China, India,  Kazakhstan, Kyrgyzstan, Mongolia, Nepal, Pakistan, Russia, Tajikistan,', 'Regions': 'Uzbekistan, Afghanistan', 'Biogeographical realms': 'Tibet, Yunnan', 'Wwf biomes': 'Palearctic, Indomalayan'}, 'Biome': ['Rocky areas ', 'Forest', 'Mountains', 'Montane forest', 'Shrubland', 'Grassland'], 'Climate': ['Cold', 'Temperate']}","{'Group name': 'leap, lepe', 'Lifestyle': 'Cursorial, Terrestrial, Pursuit predator, Altricial, Viviparous', 'Seasonal behavior': 'Altitudinal Migrant'}",Carnivore,"{'Mating behavior': 'Polygyny', 'Reproduction season': 'January-March', 'Pregnancy duration': '90-105 days', 'Baby carrying': '2-3 cubs', 'Independent age': '1 year', 'Female name': 'leopardess', 'Male name': 'leopard', 'Baby name': 'cub'}","{'Population trend': 'Decreasing', 'Population status': 'Endangered (EN)'}"
Raccoon Dog,Animalia,Chordata,Vertebrata,Mammalia,Carnivora,Caniformia,Canidae,Nyctereutes,Nyctereutes procyonoides,Unknown,6-11 yrs,40 km/h,3-10 kg,,50-65 cm,"Nocturnal,Diurnal,Omnivore,Terrestrial,Altricial,Burrowing,Zoochory,Natatorial,Viviparous,Predator,Monogamy,Social,Hibernating,starts with,Cute Animals,Fluffy Animals","{'Geography': {'Continents': 'Europe, Asia', 'Subcontinents': 'East Asia, Southeast Asia, Central Asia', 'Countries': 'China, Japan, South Korea, North Korea, Russia, Viet Nam', 'Introduced countries': 'Uzbekistan, Austria, Belarus, Czech Republic, Estonia, Finland, France, Germany, Hungary, Kazakhstan,', 'Biogeographical realms': 'Latvia, Lithuania, Moldova,  Netherlands, Norway, Poland, Romania, Slovakia, Sweden, Switzerland, Ukraine, Belgium, Bosnia and Herzegovina, Bulgaria, Denmark, Macedonia, Serbia, Slovenia', 'Wwf biomes': 'Palearctic, Indomalayan'}, 'Biome': ['Forest', 'Riparian', 'Anthropogenic biome', 'Suburban', 'Grassland', 'Shrubland', 'Agricultural', 'Urban wildlife'], 'Climate': ['Temperate', 'Cold']}","{'Group name': 'pack', 'Lifestyle': 'Terrestrial, Altricial, Burrowing, Zoochory, Natatorial, Viviparous, Predator', 'Seasonal behavior': 'Hibernating'}",Omnivore,"{'Mating behavior': 'Monogamy', 'Reproduction season': 'early February- late April', 'Pregnancy duration': '61-70 days', 'Baby carrying': '6-8 pups', 'Independent age': '4.5 months', 'Baby name': 'pup'}","{'Population trend': 'Stable', 'Population status': 'Least concern (LC)'}"
American Black Bear,Animalia,Chordata,Vertebrata,Mammalia,Carnivora,Caniformia,Ursidae,Ursus,Ursus americanus,850-950 Thou,10-30 yrs,48 km/h,100-270 kg,1.3-1.8 m,1200.0-2000.,"Nocturnal,Crepuscular,Omnivore,Scavenger,Terrestrial,Altricial,Nomadic,Territorial,Viviparous,Arboreal,Polygyny,Solitary,Dominance hierarchy,Hibernating,Not a migrant,starts with,U.S. States Animals","{'Geography': {'Continents': 'North America', 'Countries': 'Canada, Mexico, United States', 'Biogeographical realms': 'Nearctic', 'Wwf biomes': 'Desert and Xeric Shrublands, Taiga, Temperate broadleaf and mixed forest, Temperate coniferous forest, Tundra'}, 'Biome': ['Forest', 'Riparian', 'Shrubland', 'Anthropogenic biome', 'Grassland', 'Wetlands ', 'Agricultural', 'Woodland', 'Mountains', 'Chaparral', 'Swamp', 'Montane forest'], 'Climate': ['Temperate', 'Cold']}","{'Group name': 'sloth, sleuth', 'Lifestyle': 'Terrestrial, Altricial, Nomadic, Territorial, Viviparous, Arboreal  Hibernating, Not a migrant'}","Omnivore,,Scavenger","{'Mating behavior': 'Polygyny', 'Reproduction season': 'June-mid-July', 'Pregnancy duration': '7 months', 'Baby carrying': '3-4 cubs', 'Independent age': '6-8 months', 'Female name': 'sow', 'Male name': 'boar', 'Baby name': 'cub'}","{'Population trend': 'Increasing', 'Population status': 'Least concern (LC)'}"
Meerkat,Animalia,Chordata,Vertebrata,Mammalia,Carnivora,Feliformia,Herpestidae,Suricata,Suricata suricatta,500,5-15 yrs,32 km/h,0.7-0.9 kg,,25-35 cm,"Diurnal,Insectivores,Carnivore,Terrestrial,Altricial,Burrowing,Predator,Viviparous,Monogamy,Polygyny,Social,Colonial,Dominance hierarchy,Not a migrant,starts with,Cute Animals,Tiny Animals","{'Geography': {'Continents': 'Africa', 'Subcontinents': 'Sub-Saharan Africa', 'Countries': 'Angola, Botswana, Namibia, South Africa', 'Biogeographical realms': 'Afrotropical', 'Wwf biomes': 'Mediterranean forests, woodlands, and scrub, Tropical savanna'}, 'Biome': ['Shrubland', 'Grassland', 'Savanna', 'Rocky areas '], 'Climate': ['Arid', 'Tropical']}","{'Group name': 'troop, committee, delegation, mongeese, mongaggle', 'Lifestyle': 'Terrestrial, Altricial, Burrowing, Predator, Viviparous', 'Seasonal behavior': 'Not a migrant'}","Insectivores,,Carnivore","{'Mating behavior': 'Monogamy,', 'Reproduction season': 'October-April, year-round in captivity', 'Pregnancy duration': '11 weeks', 'Baby carrying': '2-5 pups', 'Independent age': '12 weeks', 'Baby name': 'pup, mongopoe'}","{'Population trend': 'Stable', 'Population status': 'Least concern (LC)'}"
African Wild Dog,Animalia,Chordata,Vertebrata,Mammalia,Carnivora,Caniformia,Canidae,Lycaon,Lycaon pictus,"6,6",10-11 yrs,66 km/h,18-36 kg,60-75 cm,71-112 cm,"Diurnal,Carnivore,Scavenger,Terrestrial,Cursorial,Pursuit predator,Pack hunters,Altricial,Nomadic,Viviparous,Territorial,Apex predator,Pack hunters,Monogamy,Dominance hierarchy,Highly social,Not a migrant,starts with,Vicious Animals","{'Geography': {'Continents': 'Africa', 'Subcontinents': 'Sub-Saharan Africa', 'Countries': 'Angola, Benin, Botswana, Burkina Faso, Central African Republic, Chad, Ethiopia, Kenya, Malawi, Mozambique,', 'Biogeographical realms': 'Namibia, Niger, Senegal, South Africa, South Sudan, Sudan, Tanzania, Zambia, Zimbabwe', 'Wwf biomes': 'Afrotropical'}, 'Biome': ['Shrubland', 'Forest', 'Grassland', 'Savanna', 'Woodland', 'Mountains', 'Montane forest'], 'Climate': ['Tropical']}","{'Group name': 'pack', 'Lifestyle': 'Terrestrial, Cursorial, Pursuit predator, Pack hunters, Altricial, Nomadic, Viviparous, Territorial, Apex predator, Pack hunters', 'Seasonal behavior': 'Not a migrant'}","Carnivore,,Scavenger","{'Mating behavior': 'Monogamy', 'Reproduction season': 'April-July (Southern Africa)', 'Pregnancy duration': '69-73 days', 'Baby carrying': '6-16 pups', 'Independent age': '5 weeks', 'Baby name': 'pup'}","{'Population trend': 'Decreasing', 'Population status': 'Endangered (EN)'}"
Fisher,Animalia,Chordata,Vertebrata,Mammalia,Carnivora,Caniformia,Mustelidae,Pekania,Pekania pennanti,Unknown,10 yrs,,2-6 kg,,75-120 cm,"Crepuscular,Omnivore,Terrestrial,Arboreal,Altricial,Scansorial,Territorial,Viviparous,Predator,Solitary,Not a migrant,starts with,Canada Province Animals,Fluffy Animals","{'Geography': {'Continents': 'North America', 'Countries': 'Canada, United States', 'Biogeographical realms': 'Nearctic', 'Wwf biomes': 'Taiga, Temperate broadleaf and mixed forest, Temperate coniferous forest'}, 'Biome': ['Forest'], 'Climate': ['Temperate', 'Cold']}","{'Lifestyle': 'Terrestrial, Arboreal, Altricial, Scansorial, Territorial, Viviparous, Predator', 'Seasonal behavior': 'Not a migrant'}",Omnivore,"{'Reproduction season': 'late March-early April', 'Pregnancy duration': '50 days', 'Baby carrying': '1-4 kits', 'Independent age': '5 months', 'Baby name': 'kit, pup'}",{'Population status': 'Least concern (LC)'}
Walrus,Animalia,Chordata,Vertebrata,Mammalia,Carnivora,Caniformia,Odobenidae,Odobenus,Odobenus rosmarus,"over 225,000",30-40 yrs,35 km/h,"850-1,700 kg",,270-320 cm,"Diurnal,Carnivore,Molluscivore,Scavenger,Semiaquatic,Precocial,Natatorial,Terrestrial,Congregatory,Viviparous,Predator,Polygyny,Colonial,Dominance hierarchy,Highly social,Not a migrant,starts with,Canada Province Animals","{'Geography': {'Continents': 'North America, Asia, Europe', 'Countries': 'Canada, Russia, United States', 'Regions': 'Alaska, Greenland', 'Oceans': 'Arctic Ocean, Atlantic Ocean, Pacific Ocean', 'Biogeographical realms': 'Nearctic, Palearctic', 'Wwf biomes': 'Rock and ice'}, 'Biome': ['Intertidal zone', 'Oceanic pelagic zone', 'Coastal', 'Marine', 'Neritic zone'], 'Climate': ['Cold', 'Polar']}","{'Group name': 'herd, pod', 'Lifestyle': 'Semiaquatic, Precocial, Natatorial, Terrestrial, Congregatory, Viviparous, Predator', 'Seasonal behavior': 'Not a migrant'}","Carnivore,,Molluscivore,,Scavenger","{'Mating behavior': 'Polygyny', 'Reproduction season': 'January-March', 'Pregnancy duration': '15 months', 'Baby carrying': '1 calf', 'Independent age': '2-3 years', 'Female name': 'cow', 'Male name': 'bull', 'Baby name': 'pup, cub'}",{'Population status': 'Vulnerable (VU)'}
Domesticated Ferret,European Polecat,,Animalia,Chordata,Vertebrata,Mammalia,Carnivora,Mustelidae,Mustelinae,,Mustela,Mustela putorius furo,7-10 yrs,,25 km/h,"Crepuscular,Carnivore,Terrestrial,Altricial,Burrowing,Polygyny,Social,Not a migrant,Domesticated,starts with","{'Geography': {'Biogeographical realms': 'Australasian, Afrotropical, Nearctic, Neotropical, Indomalayan, Palearctic'}, 'Biome': [], 'Climate': []}","{'Group name': 'business, cast, fesnying, fesynes, feamyng', 'Lifestyle': 'Terrestrial, Altricial, Burrowing,', 'Seasonal behavior': 'Not a migrant'}",Carnivore,"{'Mating behavior': 'Polygyny', 'Reproduction season': 'March-August', 'Pregnancy duration': '42 days', 'Baby carrying': '3-7 kits', 'Independent age': '3 months', 'Female name': 'jill', 'Male name': 'hob', 'Baby name': 'kit'}",{}
Beluga Whale,Animalia,Chordata,Vertebrata,Mammalia,Artiodactyla,,Monodontidae,Delphinapterus,Delphinapterus leucas,136,40 yrs,22 km/h,"700-1,600 kg",,3-5.5 m,"Diurnal,Carnivore,Molluscivore,Piscivores,Aquatic,Precocial,Nomadic,Congregatory,Viviparous,Predator,Polygyny,Social,Migrating,starts with,Canada Province Animals,Snow White","{'Geography': {'Continents': 'North America, Asia, Europe', 'Subcontinents': 'East Asia', 'Countries': 'Canada, Russia, United States, Belgium, Denmark, Faroe Islands, France, Germany, Iceland, Ireland,', 'Regions': 'Japan, Netherlands, Norway, Sweden, United Kingdom', 'Oceans': 'Greenland', 'Biogeographical realms': 'Arctic Ocean, Pacific Ocean'}, 'Biome': ['Oceanic pelagic zone', 'Coastal', 'Estuaries', 'Icecap', 'Marine', 'Neritic zone'], 'Climate': ['Cold', 'Polar']}","{'Group name': 'pod, gam, herd, school, mod', 'Lifestyle': 'Aquatic, Precocial, Nomadic, Congregatory, Viviparous, Predator', 'Seasonal behavior': 'Migrating'}","Carnivore,,Molluscivore,,Piscivores","{'Mating behavior': 'Polygyny', 'Reproduction season': 'February-April', 'Pregnancy duration': '14 months', 'Baby carrying': '1 calf', 'Independent age': '1.5-2 years', 'Female name': 'cow', 'Male name': 'bull', 'Baby name': 'calf'}",{'Population status': 'Near Threatened (NT)'}
